{"cameraMode":{"drawMode":0,"name":"Shaded","section":"Shading Mode"},"sceneLighting":false,"audioPlay":false,"sceneViewState":{"m_AlwaysRefresh":false,"showFog":false,"showSkybox":false,"showFlares":false,"showImageEffects":false,"showParticleSystems":false,"showVisualEffectGraphs":true,"m_FxEnabled":true},"in2DMode":false,"pivot":{"x":0.23416465520858766,"y":1.6195250749588013,"z":0.9045685529708862},"rotation":{"x":-0.0050733862444758419,"y":-0.9514103531837463,"z":0.015699969604611398,"w":-0.3074944019317627},"size":1.1650874614715577,"orthographic":false}