{"cameraMode":{"drawMode":0,"name":"Shaded","section":"Shading Mode"},"sceneLighting":true,"audioPlay":false,"sceneViewState":{"m_AlwaysRefresh":false,"showFog":true,"showSkybox":true,"showFlares":true,"showImageEffects":true,"showParticleSystems":true,"showVisualEffectGraphs":true,"m_FxEnabled":true},"in2DMode":false,"pivot":{"x":-10.284708023071289,"y":12.798688888549805,"z":11.176692008972168},"rotation":{"x":0.056911490857601169,"y":0.044911742210388187,"z":-0.002562761539593339,"w":0.9973656535148621},"size":3.7124392986297609,"orthographic":true}