{"cameraMode":{"drawMode":0,"name":"Shaded","section":"Shading Mode"},"sceneLighting":true,"audioPlay":false,"sceneViewState":{"m_AlwaysRefresh":false,"showFog":true,"showSkybox":true,"showFlares":true,"showImageEffects":true,"showParticleSystems":true,"showVisualEffectGraphs":true,"m_FxEnabled":true},"in2DMode":false,"pivot":{"x":2.3668196201324465,"y":2.727605104446411,"z":-0.09604823589324951},"rotation":{"x":-0.20676618814468385,"y":0.3386686444282532,"z":-0.07655446976423264,"w":-0.9147088527679443},"size":0.785045862197876,"orthographic":false}