{"cameraMode":{"drawMode":0,"name":"Shaded","section":"Shading Mode"},"sceneLighting":true,"audioPlay":false,"sceneViewState":{"m_AlwaysRefresh":false,"showFog":true,"showSkybox":true,"showFlares":true,"showImageEffects":true,"showParticleSystems":true,"showVisualEffectGraphs":true,"m_FxEnabled":true},"in2DMode":false,"pivot":{"x":116.70950317382813,"y":-1.0939292907714844,"z":3.343973159790039},"rotation":{"x":-0.09092793613672257,"y":0.4989508390426636,"z":-0.05273939296603203,"w":-0.8602344989776611},"size":13.922154426574707,"orthographic":false}