{"cameraMode":{"drawMode":0,"name":"Shaded","section":"Shading Mode"},"sceneLighting":false,"audioPlay":false,"sceneViewState":{"m_AlwaysRefresh":false,"showFog":true,"showSkybox":false,"showFlares":true,"showImageEffects":true,"showParticleSystems":true,"showVisualEffectGraphs":true,"m_FxEnabled":true},"in2DMode":false,"pivot":{"x":-22.006994247436525,"y":51.153709411621097,"z":-2.9761219024658205},"rotation":{"x":-0.005991407670080662,"y":-0.05337207019329071,"z":-0.0003202413790859282,"w":0.9985568523406982},"size":146.5863800048828,"orthographic":false}